Treat.ID,Treat.desc,Treat.aging.time,Treat.priming.wp,Treat.priming.temp,Treat.priming.duration,Germ.wp,Germ.temp,Germ.promoter.dosage,Germ.inhibitor.dosage,Germ.time.hours,Germ.pct,Germ.fraction
1,TomatoSeeds,,0,20,0,0,20,,,32,1,0.01
1,TomatoSeeds,,0,20,0,0,20,,,39,1,0.01
1,TomatoSeeds,,0,20,0,0,20,,,48,3,0.03
1,TomatoSeeds,,0,20,0,0,20,,,56,13.5,0.135
1,TomatoSeeds,,0,20,0,0,20,,,63,31.5,0.315
1,TomatoSeeds,,0,20,0,0,20,,,72,52.5,0.525
1,TomatoSeeds,,0,20,0,0,20,,,79.87470596,64,0.64
1,TomatoSeeds,,0,20,0,0,20,,,86.62400636,73,0.73
1,TomatoSeeds,,0,20,0,0,20,,,95.49934554,81,0.81
1,TomatoSeeds,,0,20,0,0,20,,,109.1247856,84.5,0.845
1,TomatoSeeds,,0,20,0,0,20,,,122.3742985,88,0.88
1,TomatoSeeds,,0,20,0,0,20,,,144.4995675,92,0.92
1,TomatoSeeds,,0,20,0,0,20,,,168.6244899,93.5,0.935
1,TomatoSeeds,,0,20,0,0,20,,,193.7495153,93.5,0.935
2,TomatoSeeds,,0,20,11.11111111,0,20,,,32,0.005,0.00005
2,TomatoSeeds,,0,20,11.11111111,0,20,,,39,0.5,0.005
2,TomatoSeeds,,0,20,11.11111111,0,20,,,48,0.5,0.005
2,TomatoSeeds,,0,20,11.11111111,0,20,,,56,7,0.07
2,TomatoSeeds,,0,20,11.11111111,0,20,,,63,24,0.24
2,TomatoSeeds,,0,20,11.11111111,0,20,,,72,48.5,0.485
2,TomatoSeeds,,0,20,11.11111111,0,20,,,79.87470596,62.5,0.625
2,TomatoSeeds,,0,20,11.11111111,0,20,,,86.62400636,72.5,0.725
2,TomatoSeeds,,0,20,11.11111111,0,20,,,95.49934554,78.5,0.785
2,TomatoSeeds,,0,20,11.11111111,0,20,,,109.1247856,88,0.88
2,TomatoSeeds,,0,20,11.11111111,0,20,,,122.3742985,90,0.9
2,TomatoSeeds,,0,20,11.11111111,0,20,,,144.4995675,91.5,0.915
2,TomatoSeeds,,0,20,11.11111111,0,20,,,168.6244899,92,0.92
2,TomatoSeeds,,0,20,11.11111111,0,20,,,193.7495153,92.5,0.925
3,TomatoSeeds,,0,20,22.22222222,0,20,,,32,1.5,0.015
3,TomatoSeeds,,0,20,22.22222222,0,20,,,39,2.5,0.025
3,TomatoSeeds,,0,20,22.22222222,0,20,,,48,2.5,0.025
3,TomatoSeeds,,0,20,22.22222222,0,20,,,56,9,0.09
3,TomatoSeeds,,0,20,22.22222222,0,20,,,63,26,0.26
3,TomatoSeeds,,0,20,22.22222222,0,20,,,72,62.5,0.625
3,TomatoSeeds,,0,20,22.22222222,0,20,,,79.87470596,76.5,0.765
3,TomatoSeeds,,0,20,22.22222222,0,20,,,86.62400636,83.5,0.835
3,TomatoSeeds,,0,20,22.22222222,0,20,,,95.49934554,87.5,0.875
3,TomatoSeeds,,0,20,22.22222222,0,20,,,109.1247856,91,0.91
3,TomatoSeeds,,0,20,22.22222222,0,20,,,122.3742985,91.5,0.915
3,TomatoSeeds,,0,20,22.22222222,0,20,,,144.4995675,93,0.93
3,TomatoSeeds,,0,20,22.22222222,0,20,,,168.6244899,94,0.94
3,TomatoSeeds,,0,20,22.22222222,0,20,,,193.7495153,94,0.94
4,TomatoSeeds,,0,20,33.33333333,0,20,,,32,1,0.01
4,TomatoSeeds,,0,20,33.33333333,0,20,,,39,2,0.02
4,TomatoSeeds,,0,20,33.33333333,0,20,,,48,2,0.02
4,TomatoSeeds,,0,20,33.33333333,0,20,,,56,8.5,0.085
4,TomatoSeeds,,0,20,33.33333333,0,20,,,63,27,0.27
4,TomatoSeeds,,0,20,33.33333333,0,20,,,72,60,0.6
4,TomatoSeeds,,0,20,33.33333333,0,20,,,79.87470596,74,0.74
4,TomatoSeeds,,0,20,33.33333333,0,20,,,86.62400636,81,0.81
4,TomatoSeeds,,0,20,33.33333333,0,20,,,95.49934554,86,0.86
4,TomatoSeeds,,0,20,33.33333333,0,20,,,109.1247856,88,0.88
4,TomatoSeeds,,0,20,33.33333333,0,20,,,122.3742985,89.5,0.895
4,TomatoSeeds,,0,20,33.33333333,0,20,,,144.4995675,90.5,0.905
4,TomatoSeeds,,0,20,33.33333333,0,20,,,168.6244899,92,0.92
4,TomatoSeeds,,0,20,33.33333333,0,20,,,193.7495153,92.5,0.925
5,TomatoSeeds,,0,20,44.44444444,0,20,,,32,1,0.01
5,TomatoSeeds,,0,20,44.44444444,0,20,,,39,2,0.02
5,TomatoSeeds,,0,20,44.44444444,0,20,,,48,5.5,0.055
5,TomatoSeeds,,0,20,44.44444444,0,20,,,56,16,0.16
5,TomatoSeeds,,0,20,44.44444444,0,20,,,63,35.5,0.355
5,TomatoSeeds,,0,20,44.44444444,0,20,,,72,62,0.62
5,TomatoSeeds,,0,20,44.44444444,0,20,,,79.87470596,79,0.79
5,TomatoSeeds,,0,20,44.44444444,0,20,,,86.62400636,84,0.84
5,TomatoSeeds,,0,20,44.44444444,0,20,,,95.49934554,90,0.9
5,TomatoSeeds,,0,20,44.44444444,0,20,,,109.1247856,90.5,0.905
5,TomatoSeeds,,0,20,44.44444444,0,20,,,122.3742985,91,0.91
5,TomatoSeeds,,0,20,44.44444444,0,20,,,144.4995675,93,0.93
5,TomatoSeeds,,0,20,44.44444444,0,20,,,168.6244899,93.5,0.935
5,TomatoSeeds,,0,20,44.44444444,0,20,,,193.7495153,93.5,0.935
6,TomatoSeeds,,0,20,66.66666667,0,20,,,32,1,0.01
6,TomatoSeeds,,0,20,66.66666667,0,20,,,39,1,0.01
6,TomatoSeeds,,0,20,66.66666667,0,20,,,48,3.5,0.035
6,TomatoSeeds,,0,20,66.66666667,0,20,,,56,17,0.17
6,TomatoSeeds,,0,20,66.66666667,0,20,,,63,38.5,0.385
6,TomatoSeeds,,0,20,66.66666667,0,20,,,72,63.5,0.635
6,TomatoSeeds,,0,20,66.66666667,0,20,,,79.87470596,84,0.84
6,TomatoSeeds,,0,20,66.66666667,0,20,,,86.62400636,87.5,0.875
6,TomatoSeeds,,0,20,66.66666667,0,20,,,95.49934554,91.5,0.915
6,TomatoSeeds,,0,20,66.66666667,0,20,,,109.1247856,93.5,0.935
6,TomatoSeeds,,0,20,66.66666667,0,20,,,122.3742985,94.5,0.945
6,TomatoSeeds,,0,20,66.66666667,0,20,,,144.4995675,94.5,0.945
6,TomatoSeeds,,0,20,66.66666667,0,20,,,168.6244899,94.5,0.945
6,TomatoSeeds,,0,20,66.66666667,0,20,,,193.7495153,94.5,0.945
7,TomatoSeeds,,-0.51,20,14.36781609,0,20,,,32,1,0.01
7,TomatoSeeds,,-0.51,20,14.36781609,0,20,,,39,1,0.01
7,TomatoSeeds,,-0.51,20,14.36781609,0,20,,,48,1.5,0.015
7,TomatoSeeds,,-0.51,20,14.36781609,0,20,,,56,18,0.18
7,TomatoSeeds,,-0.51,20,14.36781609,0,20,,,63,35.5,0.355
7,TomatoSeeds,,-0.51,20,14.36781609,0,20,,,72,54.5,0.545
7,TomatoSeeds,,-0.51,20,14.36781609,0,20,,,79.87470596,72.5,0.725
7,TomatoSeeds,,-0.51,20,14.36781609,0,20,,,86.62400636,79.5,0.795
7,TomatoSeeds,,-0.51,20,14.36781609,0,20,,,95.49934554,83.5,0.835
7,TomatoSeeds,,-0.51,20,14.36781609,0,20,,,109.1247856,88,0.88
7,TomatoSeeds,,-0.51,20,14.36781609,0,20,,,122.3742985,89.5,0.895
7,TomatoSeeds,,-0.51,20,14.36781609,0,20,,,144.4995675,91,0.91
7,TomatoSeeds,,-0.51,20,14.36781609,0,20,,,168.6244899,91,0.91
7,TomatoSeeds,,-0.51,20,14.36781609,0,20,,,193.7495153,91.5,0.915
8,TomatoSeeds,,-0.51,20,28.73563218,0,20,,,32,1,0.01
8,TomatoSeeds,,-0.51,20,28.73563218,0,20,,,39,1.5,0.015
8,TomatoSeeds,,-0.51,20,28.73563218,0,20,,,48,3,0.03
8,TomatoSeeds,,-0.51,20,28.73563218,0,20,,,56,16.5,0.165
8,TomatoSeeds,,-0.51,20,28.73563218,0,20,,,63,39,0.39
8,TomatoSeeds,,-0.51,20,28.73563218,0,20,,,72,63,0.63
8,TomatoSeeds,,-0.51,20,28.73563218,0,20,,,79.87470596,69.5,0.695
8,TomatoSeeds,,-0.51,20,28.73563218,0,20,,,86.62400636,76.5,0.765
8,TomatoSeeds,,-0.51,20,28.73563218,0,20,,,95.49934554,80.5,0.805
8,TomatoSeeds,,-0.51,20,28.73563218,0,20,,,109.1247856,84.5,0.845
8,TomatoSeeds,,-0.51,20,28.73563218,0,20,,,122.3742985,86.5,0.865
8,TomatoSeeds,,-0.51,20,28.73563218,0,20,,,144.4995675,87.5,0.875
8,TomatoSeeds,,-0.51,20,28.73563218,0,20,,,168.6244899,88.5,0.885
8,TomatoSeeds,,-0.51,20,28.73563218,0,20,,,193.7495153,89.5,0.895
9,TomatoSeeds,,-0.51,20,43.10344828,0,20,,,32,0.5,0.005
9,TomatoSeeds,,-0.51,20,43.10344828,0,20,,,39,1,0.01
9,TomatoSeeds,,-0.51,20,43.10344828,0,20,,,48,3,0.03
9,TomatoSeeds,,-0.51,20,43.10344828,0,20,,,56,19,0.19
9,TomatoSeeds,,-0.51,20,43.10344828,0,20,,,63,41.5,0.415
9,TomatoSeeds,,-0.51,20,43.10344828,0,20,,,72,69,0.69
9,TomatoSeeds,,-0.51,20,43.10344828,0,20,,,79.87470596,86,0.86
9,TomatoSeeds,,-0.51,20,43.10344828,0,20,,,86.62400636,89.5,0.895
9,TomatoSeeds,,-0.51,20,43.10344828,0,20,,,95.49934554,91,0.91
9,TomatoSeeds,,-0.51,20,43.10344828,0,20,,,109.1247856,95,0.95
9,TomatoSeeds,,-0.51,20,43.10344828,0,20,,,122.3742985,95.5,0.955
9,TomatoSeeds,,-0.51,20,43.10344828,0,20,,,144.4995675,96,0.96
9,TomatoSeeds,,-0.51,20,43.10344828,0,20,,,168.6244899,96,0.96
9,TomatoSeeds,,-0.51,20,43.10344828,0,20,,,193.7495153,96,0.96
10,TomatoSeeds,,-0.51,20,57.47126437,0,20,,,32,0,0
10,TomatoSeeds,,-0.51,20,57.47126437,0,20,,,39,0,0
10,TomatoSeeds,,-0.51,20,57.47126437,0,20,,,48,0.5,0.005
10,TomatoSeeds,,-0.51,20,57.47126437,0,20,,,56,14,0.14
10,TomatoSeeds,,-0.51,20,57.47126437,0,20,,,63,37.5,0.375
10,TomatoSeeds,,-0.51,20,57.47126437,0,20,,,72,65,0.65
10,TomatoSeeds,,-0.51,20,57.47126437,0,20,,,79.87470596,81.5,0.815
10,TomatoSeeds,,-0.51,20,57.47126437,0,20,,,86.62400636,86,0.86
10,TomatoSeeds,,-0.51,20,57.47126437,0,20,,,95.49934554,89.5,0.895
10,TomatoSeeds,,-0.51,20,57.47126437,0,20,,,109.1247856,91,0.91
10,TomatoSeeds,,-0.51,20,57.47126437,0,20,,,122.3742985,91.5,0.915
10,TomatoSeeds,,-0.51,20,57.47126437,0,20,,,144.4995675,92.5,0.925
10,TomatoSeeds,,-0.51,20,57.47126437,0,20,,,168.6244899,93.5,0.935
10,TomatoSeeds,,-0.51,20,57.47126437,0,20,,,193.7495153,93.5,0.935
11,TomatoSeeds,,-0.51,20,71.83908046,0,20,,,32,1,0.01
11,TomatoSeeds,,-0.51,20,71.83908046,0,20,,,39,3.5,0.035
11,TomatoSeeds,,-0.51,20,71.83908046,0,20,,,48,16.5,0.165
11,TomatoSeeds,,-0.51,20,71.83908046,0,20,,,56,43,0.43
11,TomatoSeeds,,-0.51,20,71.83908046,0,20,,,63,59.5,0.595
11,TomatoSeeds,,-0.51,20,71.83908046,0,20,,,72,78.5,0.785
11,TomatoSeeds,,-0.51,20,71.83908046,0,20,,,79.87470596,86,0.86
11,TomatoSeeds,,-0.51,20,71.83908046,0,20,,,86.62400636,87,0.87
11,TomatoSeeds,,-0.51,20,71.83908046,0,20,,,95.49934554,89,0.89
11,TomatoSeeds,,-0.51,20,71.83908046,0,20,,,109.1247856,90,0.9
11,TomatoSeeds,,-0.51,20,71.83908046,0,20,,,122.3742985,92.5,0.925
11,TomatoSeeds,,-0.51,20,71.83908046,0,20,,,144.4995675,92.5,0.925
11,TomatoSeeds,,-0.51,20,71.83908046,0,20,,,168.6244899,93,0.93
11,TomatoSeeds,,-0.51,20,71.83908046,0,20,,,193.7495153,93,0.93
12,TomatoSeeds,,-0.51,20,86.20689655,0,20,,,32,6.5,0.065
12,TomatoSeeds,,-0.51,20,86.20689655,0,20,,,39,26,0.26
12,TomatoSeeds,,-0.51,20,86.20689655,0,20,,,48,57,0.57
12,TomatoSeeds,,-0.51,20,86.20689655,0,20,,,56,76,0.76
12,TomatoSeeds,,-0.51,20,86.20689655,0,20,,,63,83.5,0.835
12,TomatoSeeds,,-0.51,20,86.20689655,0,20,,,72,89,0.89
12,TomatoSeeds,,-0.51,20,86.20689655,0,20,,,79.87470596,91,0.91
12,TomatoSeeds,,-0.51,20,86.20689655,0,20,,,86.62400636,91,0.91
12,TomatoSeeds,,-0.51,20,86.20689655,0,20,,,95.49934554,91.5,0.915
12,TomatoSeeds,,-0.51,20,86.20689655,0,20,,,109.1247856,91.5,0.915
12,TomatoSeeds,,-0.51,20,86.20689655,0,20,,,122.3742985,93,0.93
12,TomatoSeeds,,-0.51,20,86.20689655,0,20,,,144.4995675,93,0.93
12,TomatoSeeds,,-0.51,20,86.20689655,0,20,,,168.6244899,93.5,0.935
12,TomatoSeeds,,-0.51,20,86.20689655,0,20,,,193.7495153,93.5,0.935
13,TomatoSeeds,,-0.51,20,114.9425287,0,20,,,32,11,0.11
13,TomatoSeeds,,-0.51,20,114.9425287,0,20,,,39,28,0.28
13,TomatoSeeds,,-0.51,20,114.9425287,0,20,,,48,58,0.58
13,TomatoSeeds,,-0.51,20,114.9425287,0,20,,,56,76.5,0.765
13,TomatoSeeds,,-0.51,20,114.9425287,0,20,,,63,82.5,0.825
13,TomatoSeeds,,-0.51,20,114.9425287,0,20,,,72,91,0.91
13,TomatoSeeds,,-0.51,20,114.9425287,0,20,,,79.87470596,92.5,0.925
13,TomatoSeeds,,-0.51,20,114.9425287,0,20,,,86.62400636,93,0.93
13,TomatoSeeds,,-0.51,20,114.9425287,0,20,,,95.49934554,93.5,0.935
13,TomatoSeeds,,-0.51,20,114.9425287,0,20,,,109.1247856,93.5,0.935
13,TomatoSeeds,,-0.51,20,114.9425287,0,20,,,122.3742985,93.5,0.935
13,TomatoSeeds,,-0.51,20,114.9425287,0,20,,,144.4995675,93.5,0.935
13,TomatoSeeds,,-0.51,20,114.9425287,0,20,,,168.6244899,94,0.94
13,TomatoSeeds,,-0.51,20,114.9425287,0,20,,,193.7495153,94,0.94
14,TomatoSeeds,,-0.94,20,19.08396947,0,20,,,32,1.5,0.015
14,TomatoSeeds,,-0.94,20,19.08396947,0,20,,,39,1.5,0.015
14,TomatoSeeds,,-0.94,20,19.08396947,0,20,,,48,6.5,0.065
14,TomatoSeeds,,-0.94,20,19.08396947,0,20,,,56,33,0.33
14,TomatoSeeds,,-0.94,20,19.08396947,0,20,,,63,47,0.47
14,TomatoSeeds,,-0.94,20,19.08396947,0,20,,,72,63,0.63
14,TomatoSeeds,,-0.94,20,19.08396947,0,20,,,79.87470596,74.5,0.745
14,TomatoSeeds,,-0.94,20,19.08396947,0,20,,,86.62400636,82,0.82
14,TomatoSeeds,,-0.94,20,19.08396947,0,20,,,95.49934554,84,0.84
14,TomatoSeeds,,-0.94,20,19.08396947,0,20,,,109.1247856,88.5,0.885
14,TomatoSeeds,,-0.94,20,19.08396947,0,20,,,122.3742985,90.5,0.905
14,TomatoSeeds,,-0.94,20,19.08396947,0,20,,,144.4995675,93,0.93
14,TomatoSeeds,,-0.94,20,19.08396947,0,20,,,168.6244899,93,0.93
14,TomatoSeeds,,-0.94,20,19.08396947,0,20,,,193.7495153,93,0.93
15,TomatoSeeds,,-0.94,20,38.16793893,0,20,,,32,0.5,0.005
15,TomatoSeeds,,-0.94,20,38.16793893,0,20,,,39,1.5,0.015
15,TomatoSeeds,,-0.94,20,38.16793893,0,20,,,48,10,0.1
15,TomatoSeeds,,-0.94,20,38.16793893,0,20,,,56,35.5,0.355
15,TomatoSeeds,,-0.94,20,38.16793893,0,20,,,63,54,0.54
15,TomatoSeeds,,-0.94,20,38.16793893,0,20,,,72,78,0.78
15,TomatoSeeds,,-0.94,20,38.16793893,0,20,,,79.87470596,84,0.84
15,TomatoSeeds,,-0.94,20,38.16793893,0,20,,,86.62400636,85.5,0.855
15,TomatoSeeds,,-0.94,20,38.16793893,0,20,,,95.49934554,87.5,0.875
15,TomatoSeeds,,-0.94,20,38.16793893,0,20,,,109.1247856,89.5,0.895
15,TomatoSeeds,,-0.94,20,38.16793893,0,20,,,122.3742985,90,0.9
15,TomatoSeeds,,-0.94,20,38.16793893,0,20,,,144.4995675,91.5,0.915
15,TomatoSeeds,,-0.94,20,38.16793893,0,20,,,168.6244899,92.5,0.925
15,TomatoSeeds,,-0.94,20,38.16793893,0,20,,,193.7495153,92.5,0.925
16,TomatoSeeds,,-0.94,20,57.2519084,0,20,,,32,0.5,0.005
16,TomatoSeeds,,-0.94,20,57.2519084,0,20,,,39,1.5,0.015
16,TomatoSeeds,,-0.94,20,57.2519084,0,20,,,48,13,0.13
16,TomatoSeeds,,-0.94,20,57.2519084,0,20,,,56,41.5,0.415
16,TomatoSeeds,,-0.94,20,57.2519084,0,20,,,63,66.5,0.665
16,TomatoSeeds,,-0.94,20,57.2519084,0,20,,,72,83.5,0.835
16,TomatoSeeds,,-0.94,20,57.2519084,0,20,,,79.87470596,87.5,0.875
16,TomatoSeeds,,-0.94,20,57.2519084,0,20,,,86.62400636,90,0.9
16,TomatoSeeds,,-0.94,20,57.2519084,0,20,,,95.49934554,91.5,0.915
16,TomatoSeeds,,-0.94,20,57.2519084,0,20,,,109.1247856,93,0.93
16,TomatoSeeds,,-0.94,20,57.2519084,0,20,,,122.3742985,94,0.94
16,TomatoSeeds,,-0.94,20,57.2519084,0,20,,,144.4995675,94,0.94
16,TomatoSeeds,,-0.94,20,57.2519084,0,20,,,168.6244899,94.5,0.945
16,TomatoSeeds,,-0.94,20,57.2519084,0,20,,,193.7495153,95,0.95
17,TomatoSeeds,,-0.94,20,76.33587786,0,20,,,32,0.5,0.005
17,TomatoSeeds,,-0.94,20,76.33587786,0,20,,,39,2,0.02
17,TomatoSeeds,,-0.94,20,76.33587786,0,20,,,48,16.5,0.165
17,TomatoSeeds,,-0.94,20,76.33587786,0,20,,,56,42.5,0.425
17,TomatoSeeds,,-0.94,20,76.33587786,0,20,,,63,62.5,0.625
17,TomatoSeeds,,-0.94,20,76.33587786,0,20,,,72,80,0.8
17,TomatoSeeds,,-0.94,20,76.33587786,0,20,,,79.87470596,85.5,0.855
17,TomatoSeeds,,-0.94,20,76.33587786,0,20,,,86.62400636,88,0.88
17,TomatoSeeds,,-0.94,20,76.33587786,0,20,,,95.49934554,88.5,0.885
17,TomatoSeeds,,-0.94,20,76.33587786,0,20,,,109.1247856,89,0.89
17,TomatoSeeds,,-0.94,20,76.33587786,0,20,,,122.3742985,90,0.9
17,TomatoSeeds,,-0.94,20,76.33587786,0,20,,,144.4995675,90,0.9
17,TomatoSeeds,,-0.94,20,76.33587786,0,20,,,168.6244899,91,0.91
17,TomatoSeeds,,-0.94,20,76.33587786,0,20,,,193.7495153,91,0.91
18,TomatoSeeds,,-0.94,20,95.41984733,0,20,,,32,5,0.05
18,TomatoSeeds,,-0.94,20,95.41984733,0,20,,,39,22,0.22
18,TomatoSeeds,,-0.94,20,95.41984733,0,20,,,48,51,0.51
18,TomatoSeeds,,-0.94,20,95.41984733,0,20,,,56,76,0.76
18,TomatoSeeds,,-0.94,20,95.41984733,0,20,,,63,83.5,0.835
18,TomatoSeeds,,-0.94,20,95.41984733,0,20,,,72,87.5,0.875
18,TomatoSeeds,,-0.94,20,95.41984733,0,20,,,79.87470596,89,0.89
18,TomatoSeeds,,-0.94,20,95.41984733,0,20,,,86.62400636,90,0.9
18,TomatoSeeds,,-0.94,20,95.41984733,0,20,,,95.49934554,92.5,0.925
18,TomatoSeeds,,-0.94,20,95.41984733,0,20,,,109.1247856,92.5,0.925
18,TomatoSeeds,,-0.94,20,95.41984733,0,20,,,122.3742985,94.5,0.945
18,TomatoSeeds,,-0.94,20,95.41984733,0,20,,,144.4995675,94.5,0.945
18,TomatoSeeds,,-0.94,20,95.41984733,0,20,,,168.6244899,94.5,0.945
18,TomatoSeeds,,-0.94,20,95.41984733,0,20,,,193.7495153,94.5,0.945
19,TomatoSeeds,,-0.94,20,114.5038168,0,20,,,32,11,0.11
19,TomatoSeeds,,-0.94,20,114.5038168,0,20,,,39,32,0.32
19,TomatoSeeds,,-0.94,20,114.5038168,0,20,,,48,67,0.67
19,TomatoSeeds,,-0.94,20,114.5038168,0,20,,,56,82.5,0.825
19,TomatoSeeds,,-0.94,20,114.5038168,0,20,,,63,85.5,0.855
19,TomatoSeeds,,-0.94,20,114.5038168,0,20,,,72,89,0.89
19,TomatoSeeds,,-0.94,20,114.5038168,0,20,,,79.87470596,91.5,0.915
19,TomatoSeeds,,-0.94,20,114.5038168,0,20,,,86.62400636,91.5,0.915
19,TomatoSeeds,,-0.94,20,114.5038168,0,20,,,95.49934554,93,0.93
19,TomatoSeeds,,-0.94,20,114.5038168,0,20,,,109.1247856,93,0.93
19,TomatoSeeds,,-0.94,20,114.5038168,0,20,,,122.3742985,93.5,0.935
19,TomatoSeeds,,-0.94,20,114.5038168,0,20,,,144.4995675,93.5,0.935
19,TomatoSeeds,,-0.94,20,114.5038168,0,20,,,168.6244899,94,0.94
19,TomatoSeeds,,-0.94,20,114.5038168,0,20,,,193.7495153,94,0.94
20,TomatoSeeds,,-0.94,20,152.6717557,0,20,,,32,17.5,0.175
20,TomatoSeeds,,-0.94,20,152.6717557,0,20,,,39,34.5,0.345
20,TomatoSeeds,,-0.94,20,152.6717557,0,20,,,48,60,0.6
20,TomatoSeeds,,-0.94,20,152.6717557,0,20,,,56,74.5,0.745
20,TomatoSeeds,,-0.94,20,152.6717557,0,20,,,63,78.5,0.785
20,TomatoSeeds,,-0.94,20,152.6717557,0,20,,,72,83.5,0.835
20,TomatoSeeds,,-0.94,20,152.6717557,0,20,,,79.87470596,85.5,0.855
20,TomatoSeeds,,-0.94,20,152.6717557,0,20,,,86.62400636,87.5,0.875
20,TomatoSeeds,,-0.94,20,152.6717557,0,20,,,95.49934554,89,0.89
20,TomatoSeeds,,-0.94,20,152.6717557,0,20,,,109.1247856,90,0.9
20,TomatoSeeds,,-0.94,20,152.6717557,0,20,,,122.3742985,90.5,0.905
20,TomatoSeeds,,-0.94,20,152.6717557,0,20,,,144.4995675,91,0.91
20,TomatoSeeds,,-0.94,20,152.6717557,0,20,,,168.6244899,91,0.91
20,TomatoSeeds,,-0.94,20,152.6717557,0,20,,,193.7495153,91,0.91
21,TomatoSeeds,,-1.42,20,30.12048193,0,20,,,32,0.5,0.005
21,TomatoSeeds,,-1.42,20,30.12048193,0,20,,,39,1,0.01
21,TomatoSeeds,,-1.42,20,30.12048193,0,20,,,48,7.5,0.075
21,TomatoSeeds,,-1.42,20,30.12048193,0,20,,,56,31,0.31
21,TomatoSeeds,,-1.42,20,30.12048193,0,20,,,63,50.5,0.505
21,TomatoSeeds,,-1.42,20,30.12048193,0,20,,,72,67.5,0.675
21,TomatoSeeds,,-1.42,20,30.12048193,0,20,,,79.87470596,75,0.75
21,TomatoSeeds,,-1.42,20,30.12048193,0,20,,,86.62400636,81,0.81
21,TomatoSeeds,,-1.42,20,30.12048193,0,20,,,95.49934554,83.5,0.835
21,TomatoSeeds,,-1.42,20,30.12048193,0,20,,,109.1247856,86,0.86
21,TomatoSeeds,,-1.42,20,30.12048193,0,20,,,122.3742985,86.5,0.865
21,TomatoSeeds,,-1.42,20,30.12048193,0,20,,,144.4995675,89,0.89
21,TomatoSeeds,,-1.42,20,30.12048193,0,20,,,168.6244899,89.5,0.895
21,TomatoSeeds,,-1.42,20,30.12048193,0,20,,,193.7495153,90,0.9
22,TomatoSeeds,,-1.42,20,60.24096386,0,20,,,32,0.5,0.005
22,TomatoSeeds,,-1.42,20,60.24096386,0,20,,,39,0.5,0.005
22,TomatoSeeds,,-1.42,20,60.24096386,0,20,,,48,19.5,0.195
22,TomatoSeeds,,-1.42,20,60.24096386,0,20,,,56,46.5,0.465
22,TomatoSeeds,,-1.42,20,60.24096386,0,20,,,63,67,0.67
22,TomatoSeeds,,-1.42,20,60.24096386,0,20,,,72,77.5,0.775
22,TomatoSeeds,,-1.42,20,60.24096386,0,20,,,79.87470596,80.5,0.805
22,TomatoSeeds,,-1.42,20,60.24096386,0,20,,,86.62400636,82,0.82
22,TomatoSeeds,,-1.42,20,60.24096386,0,20,,,95.49934554,83.5,0.835
22,TomatoSeeds,,-1.42,20,60.24096386,0,20,,,109.1247856,86,0.86
22,TomatoSeeds,,-1.42,20,60.24096386,0,20,,,122.3742985,86.5,0.865
22,TomatoSeeds,,-1.42,20,60.24096386,0,20,,,144.4995675,87,0.87
22,TomatoSeeds,,-1.42,20,60.24096386,0,20,,,168.6244899,88.5,0.885
22,TomatoSeeds,,-1.42,20,60.24096386,0,20,,,193.7495153,88.5,0.885
23,TomatoSeeds,,-1.42,20,90.36144578,0,20,,,32,4.5,0.045
23,TomatoSeeds,,-1.42,20,90.36144578,0,20,,,39,14.5,0.145
23,TomatoSeeds,,-1.42,20,90.36144578,0,20,,,48,49.5,0.495
23,TomatoSeeds,,-1.42,20,90.36144578,0,20,,,56,75,0.75
23,TomatoSeeds,,-1.42,20,90.36144578,0,20,,,63,81.5,0.815
23,TomatoSeeds,,-1.42,20,90.36144578,0,20,,,72,88.5,0.885
23,TomatoSeeds,,-1.42,20,90.36144578,0,20,,,79.87470596,90.5,0.905
23,TomatoSeeds,,-1.42,20,90.36144578,0,20,,,86.62400636,90.5,0.905
23,TomatoSeeds,,-1.42,20,90.36144578,0,20,,,95.49934554,92.5,0.925
23,TomatoSeeds,,-1.42,20,90.36144578,0,20,,,109.1247856,93,0.93
23,TomatoSeeds,,-1.42,20,90.36144578,0,20,,,122.3742985,94,0.94
23,TomatoSeeds,,-1.42,20,90.36144578,0,20,,,144.4995675,94,0.94
23,TomatoSeeds,,-1.42,20,90.36144578,0,20,,,168.6244899,95,0.95
23,TomatoSeeds,,-1.42,20,90.36144578,0,20,,,193.7495153,95,0.95
24,TomatoSeeds,,-1.42,20,120.4819277,0,20,,,32,6.5,0.065
24,TomatoSeeds,,-1.42,20,120.4819277,0,20,,,39,32.5,0.325
24,TomatoSeeds,,-1.42,20,120.4819277,0,20,,,48,59,0.59
24,TomatoSeeds,,-1.42,20,120.4819277,0,20,,,56,74,0.74
24,TomatoSeeds,,-1.42,20,120.4819277,0,20,,,63,78.5,0.785
24,TomatoSeeds,,-1.42,20,120.4819277,0,20,,,72,85,0.85
24,TomatoSeeds,,-1.42,20,120.4819277,0,20,,,79.87470596,89.5,0.895
24,TomatoSeeds,,-1.42,20,120.4819277,0,20,,,86.62400636,90.5,0.905
24,TomatoSeeds,,-1.42,20,120.4819277,0,20,,,95.49934554,91,0.91
24,TomatoSeeds,,-1.42,20,120.4819277,0,20,,,109.1247856,91,0.91
24,TomatoSeeds,,-1.42,20,120.4819277,0,20,,,122.3742985,91.5,0.915
24,TomatoSeeds,,-1.42,20,120.4819277,0,20,,,144.4995675,92,0.92
24,TomatoSeeds,,-1.42,20,120.4819277,0,20,,,168.6244899,92.5,0.925
24,TomatoSeeds,,-1.42,20,120.4819277,0,20,,,193.7495153,92.5,0.925
25,TomatoSeeds,,-1.42,20,150.6024096,0,20,,,32,10.5,0.105
25,TomatoSeeds,,-1.42,20,150.6024096,0,20,,,39,30,0.3
25,TomatoSeeds,,-1.42,20,150.6024096,0,20,,,48,56,0.56
25,TomatoSeeds,,-1.42,20,150.6024096,0,20,,,56,74.5,0.745
25,TomatoSeeds,,-1.42,20,150.6024096,0,20,,,63,82.5,0.825
25,TomatoSeeds,,-1.42,20,150.6024096,0,20,,,72,88.5,0.885
25,TomatoSeeds,,-1.42,20,150.6024096,0,20,,,79.87470596,90,0.9
25,TomatoSeeds,,-1.42,20,150.6024096,0,20,,,86.62400636,91,0.91
25,TomatoSeeds,,-1.42,20,150.6024096,0,20,,,95.49934554,92.5,0.925
25,TomatoSeeds,,-1.42,20,150.6024096,0,20,,,109.1247856,93.5,0.935
25,TomatoSeeds,,-1.42,20,150.6024096,0,20,,,122.3742985,93.5,0.935
25,TomatoSeeds,,-1.42,20,150.6024096,0,20,,,144.4995675,93.5,0.935
25,TomatoSeeds,,-1.42,20,150.6024096,0,20,,,168.6244899,93.5,0.935
25,TomatoSeeds,,-1.42,20,150.6024096,0,20,,,193.7495153,93.5,0.935
26,TomatoSeeds,,-1.42,20,180.7228916,0,20,,,32,20,0.2
26,TomatoSeeds,,-1.42,20,180.7228916,0,20,,,39,45,0.45
26,TomatoSeeds,,-1.42,20,180.7228916,0,20,,,48,69,0.69
26,TomatoSeeds,,-1.42,20,180.7228916,0,20,,,56,80.5,0.805
26,TomatoSeeds,,-1.42,20,180.7228916,0,20,,,63,87.5,0.875
26,TomatoSeeds,,-1.42,20,180.7228916,0,20,,,72,91,0.91
26,TomatoSeeds,,-1.42,20,180.7228916,0,20,,,79.87470596,92.5,0.925
26,TomatoSeeds,,-1.42,20,180.7228916,0,20,,,86.62400636,94.5,0.945
26,TomatoSeeds,,-1.42,20,180.7228916,0,20,,,95.49934554,95.5,0.955
26,TomatoSeeds,,-1.42,20,180.7228916,0,20,,,109.1247856,95.5,0.955
26,TomatoSeeds,,-1.42,20,180.7228916,0,20,,,122.3742985,96,0.96
26,TomatoSeeds,,-1.42,20,180.7228916,0,20,,,144.4995675,96,0.96
26,TomatoSeeds,,-1.42,20,180.7228916,0,20,,,168.6244899,96,0.96
26,TomatoSeeds,,-1.42,20,180.7228916,0,20,,,193.7495153,96,0.96
27,TomatoSeeds,,-1.42,20,240.9638554,0,20,,,32,34.5,0.345
27,TomatoSeeds,,-1.42,20,240.9638554,0,20,,,39,62,0.62
27,TomatoSeeds,,-1.42,20,240.9638554,0,20,,,48,76.5,0.765
27,TomatoSeeds,,-1.42,20,240.9638554,0,20,,,56,91,0.91
27,TomatoSeeds,,-1.42,20,240.9638554,0,20,,,63,94.5,0.945
27,TomatoSeeds,,-1.42,20,240.9638554,0,20,,,72,96,0.96
27,TomatoSeeds,,-1.42,20,240.9638554,0,20,,,79.87470596,96,0.96
27,TomatoSeeds,,-1.42,20,240.9638554,0,20,,,86.62400636,96,0.96
27,TomatoSeeds,,-1.42,20,240.9638554,0,20,,,95.49934554,96,0.96
27,TomatoSeeds,,-1.42,20,240.9638554,0,20,,,109.1247856,96,0.96
27,TomatoSeeds,,-1.42,20,240.9638554,0,20,,,122.3742985,96,0.96
27,TomatoSeeds,,-1.42,20,240.9638554,0,20,,,144.4995675,96,0.96
27,TomatoSeeds,,-1.42,20,240.9638554,0,20,,,168.6244899,96,0.96
27,TomatoSeeds,,-1.42,20,240.9638554,0,20,,,193.7495153,96,0.96
28,TomatoSeeds,,-1.98,20,92.59259259,0,20,,,32,0,0
28,TomatoSeeds,,-1.98,20,92.59259259,0,20,,,39,1.5,0.015
28,TomatoSeeds,,-1.98,20,92.59259259,0,20,,,48,20,0.2
28,TomatoSeeds,,-1.98,20,92.59259259,0,20,,,56,55,0.55
28,TomatoSeeds,,-1.98,20,92.59259259,0,20,,,63,73,0.73
28,TomatoSeeds,,-1.98,20,92.59259259,0,20,,,72,81,0.81
28,TomatoSeeds,,-1.98,20,92.59259259,0,20,,,79.87470596,84.5,0.845
28,TomatoSeeds,,-1.98,20,92.59259259,0,20,,,86.62400636,87,0.87
28,TomatoSeeds,,-1.98,20,92.59259259,0,20,,,95.49934554,89.5,0.895
28,TomatoSeeds,,-1.98,20,92.59259259,0,20,,,109.1247856,90.5,0.905
28,TomatoSeeds,,-1.98,20,92.59259259,0,20,,,122.3742985,90.5,0.905
28,TomatoSeeds,,-1.98,20,92.59259259,0,20,,,144.4995675,92.5,0.925
28,TomatoSeeds,,-1.98,20,92.59259259,0,20,,,168.6244899,93,0.93
28,TomatoSeeds,,-1.98,20,92.59259259,0,20,,,193.7495153,93,0.93
29,TomatoSeeds,,-1.98,20,185.1851852,0,20,,,32,17.5,0.175
29,TomatoSeeds,,-1.98,20,185.1851852,0,20,,,39,41,0.41
29,TomatoSeeds,,-1.98,20,185.1851852,0,20,,,48,66.5,0.665
29,TomatoSeeds,,-1.98,20,185.1851852,0,20,,,56,80.5,0.805
29,TomatoSeeds,,-1.98,20,185.1851852,0,20,,,63,84,0.84
29,TomatoSeeds,,-1.98,20,185.1851852,0,20,,,72,87,0.87
29,TomatoSeeds,,-1.98,20,185.1851852,0,20,,,79.87470596,88.5,0.885
29,TomatoSeeds,,-1.98,20,185.1851852,0,20,,,86.62400636,88.5,0.885
29,TomatoSeeds,,-1.98,20,185.1851852,0,20,,,95.49934554,89,0.89
29,TomatoSeeds,,-1.98,20,185.1851852,0,20,,,109.1247856,89.5,0.895
29,TomatoSeeds,,-1.98,20,185.1851852,0,20,,,122.3742985,90,0.9
29,TomatoSeeds,,-1.98,20,185.1851852,0,20,,,144.4995675,91,0.91
29,TomatoSeeds,,-1.98,20,185.1851852,0,20,,,168.6244899,92.5,0.925
29,TomatoSeeds,,-1.98,20,185.1851852,0,20,,,193.7495153,92.5,0.925
30,TomatoSeeds,,-1.98,20,277.7777778,0,20,,,32,7.5,0.075
30,TomatoSeeds,,-1.98,20,277.7777778,0,20,,,39,14,0.14
30,TomatoSeeds,,-1.98,20,277.7777778,0,20,,,48,38.5,0.385
30,TomatoSeeds,,-1.98,20,277.7777778,0,20,,,56,63.5,0.635
30,TomatoSeeds,,-1.98,20,277.7777778,0,20,,,63,79.5,0.795
30,TomatoSeeds,,-1.98,20,277.7777778,0,20,,,72,88.5,0.885
30,TomatoSeeds,,-1.98,20,277.7777778,0,20,,,79.87470596,90,0.9
30,TomatoSeeds,,-1.98,20,277.7777778,0,20,,,86.62400636,90.5,0.905
30,TomatoSeeds,,-1.98,20,277.7777778,0,20,,,95.49934554,91,0.91
30,TomatoSeeds,,-1.98,20,277.7777778,0,20,,,109.1247856,91.5,0.915
30,TomatoSeeds,,-1.98,20,277.7777778,0,20,,,122.3742985,92,0.92
30,TomatoSeeds,,-1.98,20,277.7777778,0,20,,,144.4995675,92.5,0.925
30,TomatoSeeds,,-1.98,20,277.7777778,0,20,,,168.6244899,93,0.93
30,TomatoSeeds,,-1.98,20,277.7777778,0,20,,,193.7495153,93,0.93
31,TomatoSeeds,,-1.98,20,370.3703704,0,20,,,32,21,0.21
31,TomatoSeeds,,-1.98,20,370.3703704,0,20,,,39,30,0.3
31,TomatoSeeds,,-1.98,20,370.3703704,0,20,,,48,46,0.46
31,TomatoSeeds,,-1.98,20,370.3703704,0,20,,,56,69,0.69
31,TomatoSeeds,,-1.98,20,370.3703704,0,20,,,63,84,0.84
31,TomatoSeeds,,-1.98,20,370.3703704,0,20,,,72,92,0.92
31,TomatoSeeds,,-1.98,20,370.3703704,0,20,,,79.87470596,92.5,0.925
31,TomatoSeeds,,-1.98,20,370.3703704,0,20,,,86.62400636,93.5,0.935
31,TomatoSeeds,,-1.98,20,370.3703704,0,20,,,95.49934554,93.5,0.935
31,TomatoSeeds,,-1.98,20,370.3703704,0,20,,,109.1247856,94,0.94
31,TomatoSeeds,,-1.98,20,370.3703704,0,20,,,122.3742985,94,0.94
31,TomatoSeeds,,-1.98,20,370.3703704,0,20,,,144.4995675,94,0.94
31,TomatoSeeds,,-1.98,20,370.3703704,0,20,,,168.6244899,94.5,0.945
31,TomatoSeeds,,-1.98,20,370.3703704,0,20,,,193.7495153,94.5,0.945
32,TomatoSeeds,,-1.98,20,462.962963,0,20,,,32,15,0.15
32,TomatoSeeds,,-1.98,20,462.962963,0,20,,,39,22.5,0.225
32,TomatoSeeds,,-1.98,20,462.962963,0,20,,,48,38.5,0.385
32,TomatoSeeds,,-1.98,20,462.962963,0,20,,,56,64.5,0.645
32,TomatoSeeds,,-1.98,20,462.962963,0,20,,,63,77,0.77
32,TomatoSeeds,,-1.98,20,462.962963,0,20,,,72,86.5,0.865
32,TomatoSeeds,,-1.98,20,462.962963,0,20,,,79.87470596,88,0.88
32,TomatoSeeds,,-1.98,20,462.962963,0,20,,,86.62400636,90,0.9
32,TomatoSeeds,,-1.98,20,462.962963,0,20,,,95.49934554,91.5,0.915
32,TomatoSeeds,,-1.98,20,462.962963,0,20,,,109.1247856,92,0.92
32,TomatoSeeds,,-1.98,20,462.962963,0,20,,,122.3742985,92,0.92
32,TomatoSeeds,,-1.98,20,462.962963,0,20,,,144.4995675,92,0.92
32,TomatoSeeds,,-1.98,20,462.962963,0,20,,,168.6244899,92,0.92
32,TomatoSeeds,,-1.98,20,462.962963,0,20,,,193.7495153,92,0.92
33,TomatoSeeds,,-1.98,20,555.5555556,0,20,,,32,30,0.3
33,TomatoSeeds,,-1.98,20,555.5555556,0,20,,,39,43.5,0.435
33,TomatoSeeds,,-1.98,20,555.5555556,0,20,,,48,56,0.56
33,TomatoSeeds,,-1.98,20,555.5555556,0,20,,,56,72.5,0.725
33,TomatoSeeds,,-1.98,20,555.5555556,0,20,,,63,83.5,0.835
33,TomatoSeeds,,-1.98,20,555.5555556,0,20,,,72,88.5,0.885
33,TomatoSeeds,,-1.98,20,555.5555556,0,20,,,79.87470596,91,0.91
33,TomatoSeeds,,-1.98,20,555.5555556,0,20,,,86.62400636,91.5,0.915
33,TomatoSeeds,,-1.98,20,555.5555556,0,20,,,95.49934554,91.5,0.915
33,TomatoSeeds,,-1.98,20,555.5555556,0,20,,,109.1247856,92,0.92
33,TomatoSeeds,,-1.98,20,555.5555556,0,20,,,122.3742985,92,0.92
33,TomatoSeeds,,-1.98,20,555.5555556,0,20,,,144.4995675,92,0.92
33,TomatoSeeds,,-1.98,20,555.5555556,0,20,,,168.6244899,92,0.92
33,TomatoSeeds,,-1.98,20,555.5555556,0,20,,,193.7495153,92,0.92
34,TomatoSeeds,,0,11.5,38.0952381,0,20,,,32,0,0
34,TomatoSeeds,,0,11.5,38.0952381,0,20,,,39,0.5,0.005
34,TomatoSeeds,,0,11.5,38.0952381,0,20,,,48,2,0.02
34,TomatoSeeds,,0,11.5,38.0952381,0,20,,,56,13.5,0.135
34,TomatoSeeds,,0,11.5,38.0952381,0,20,,,63,32,0.32
34,TomatoSeeds,,0,11.5,38.0952381,0,20,,,72,57,0.57
34,TomatoSeeds,,0,11.5,38.0952381,0,20,,,79.87470596,69.5,0.695
34,TomatoSeeds,,0,11.5,38.0952381,0,20,,,86.62400636,75.5,0.755
34,TomatoSeeds,,0,11.5,38.0952381,0,20,,,95.49934554,81,0.81
34,TomatoSeeds,,0,11.5,38.0952381,0,20,,,109.1247856,85,0.85
34,TomatoSeeds,,0,11.5,38.0952381,0,20,,,122.3742985,87.5,0.875
34,TomatoSeeds,,0,11.5,38.0952381,0,20,,,144.4995675,89.5,0.895
34,TomatoSeeds,,0,11.5,38.0952381,0,20,,,168.6244899,90,0.9
34,TomatoSeeds,,0,11.5,38.0952381,0,20,,,193.7495153,90,0.9
35,TomatoSeeds,,0,11.5,76.19047619,0,20,,,32,0,0
35,TomatoSeeds,,0,11.5,76.19047619,0,20,,,39,0,0
35,TomatoSeeds,,0,11.5,76.19047619,0,20,,,48,0,0
35,TomatoSeeds,,0,11.5,76.19047619,0,20,,,56,9,0.09
35,TomatoSeeds,,0,11.5,76.19047619,0,20,,,63,33.5,0.335
35,TomatoSeeds,,0,11.5,76.19047619,0,20,,,72,61.5,0.615
35,TomatoSeeds,,0,11.5,76.19047619,0,20,,,79.87470596,72.5,0.725
35,TomatoSeeds,,0,11.5,76.19047619,0,20,,,86.62400636,77.5,0.775
35,TomatoSeeds,,0,11.5,76.19047619,0,20,,,95.49934554,85.5,0.855
35,TomatoSeeds,,0,11.5,76.19047619,0,20,,,109.1247856,86.5,0.865
35,TomatoSeeds,,0,11.5,76.19047619,0,20,,,122.3742985,86.5,0.865
35,TomatoSeeds,,0,11.5,76.19047619,0,20,,,144.4995675,87.5,0.875
35,TomatoSeeds,,0,11.5,76.19047619,0,20,,,168.6244899,88,0.88
35,TomatoSeeds,,0,11.5,76.19047619,0,20,,,193.7495153,88.5,0.885
36,TomatoSeeds,,0,11.5,114.2857143,0,20,,,32,1,0.01
36,TomatoSeeds,,0,11.5,114.2857143,0,20,,,39,1.5,0.015
36,TomatoSeeds,,0,11.5,114.2857143,0,20,,,48,7.5,0.075
36,TomatoSeeds,,0,11.5,114.2857143,0,20,,,56,28,0.28
36,TomatoSeeds,,0,11.5,114.2857143,0,20,,,63,48,0.48
36,TomatoSeeds,,0,11.5,114.2857143,0,20,,,72,71.5,0.715
36,TomatoSeeds,,0,11.5,114.2857143,0,20,,,79.87470596,80.5,0.805
36,TomatoSeeds,,0,11.5,114.2857143,0,20,,,86.62400636,83.5,0.835
36,TomatoSeeds,,0,11.5,114.2857143,0,20,,,95.49934554,85,0.85
36,TomatoSeeds,,0,11.5,114.2857143,0,20,,,109.1247856,88,0.88
36,TomatoSeeds,,0,11.5,114.2857143,0,20,,,122.3742985,90,0.9
36,TomatoSeeds,,0,11.5,114.2857143,0,20,,,144.4995675,90,0.9
36,TomatoSeeds,,0,11.5,114.2857143,0,20,,,168.6244899,91,0.91
36,TomatoSeeds,,0,11.5,114.2857143,0,20,,,193.7495153,91.5,0.915
37,TomatoSeeds,,0,11.5,152.3809524,0,20,,,32,0.5,0.005
37,TomatoSeeds,,0,11.5,152.3809524,0,20,,,39,1,0.01
37,TomatoSeeds,,0,11.5,152.3809524,0,20,,,48,17.5,0.175
37,TomatoSeeds,,0,11.5,152.3809524,0,20,,,56,52.5,0.525
37,TomatoSeeds,,0,11.5,152.3809524,0,20,,,63,69,0.69
37,TomatoSeeds,,0,11.5,152.3809524,0,20,,,72,83,0.83
37,TomatoSeeds,,0,11.5,152.3809524,0,20,,,79.87470596,85,0.85
37,TomatoSeeds,,0,11.5,152.3809524,0,20,,,86.62400636,86.5,0.865
37,TomatoSeeds,,0,11.5,152.3809524,0,20,,,95.49934554,87,0.87
37,TomatoSeeds,,0,11.5,152.3809524,0,20,,,109.1247856,90,0.9
37,TomatoSeeds,,0,11.5,152.3809524,0,20,,,122.3742985,91,0.91
37,TomatoSeeds,,0,11.5,152.3809524,0,20,,,144.4995675,92,0.92
37,TomatoSeeds,,0,11.5,152.3809524,0,20,,,168.6244899,92.5,0.925
37,TomatoSeeds,,0,11.5,152.3809524,0,20,,,193.7495153,93,0.93
38,TomatoSeeds,,0,11.5,190.4761905,0,20,,,32,1.5,0.015
38,TomatoSeeds,,0,11.5,190.4761905,0,20,,,39,6,0.06
38,TomatoSeeds,,0,11.5,190.4761905,0,20,,,48,29,0.29
38,TomatoSeeds,,0,11.5,190.4761905,0,20,,,56,62.5,0.625
38,TomatoSeeds,,0,11.5,190.4761905,0,20,,,63,74.5,0.745
38,TomatoSeeds,,0,11.5,190.4761905,0,20,,,72,85.5,0.855
38,TomatoSeeds,,0,11.5,190.4761905,0,20,,,79.87470596,88,0.88
38,TomatoSeeds,,0,11.5,190.4761905,0,20,,,86.62400636,90.5,0.905
38,TomatoSeeds,,0,11.5,190.4761905,0,20,,,95.49934554,91,0.91
38,TomatoSeeds,,0,11.5,190.4761905,0,20,,,109.1247856,91,0.91
38,TomatoSeeds,,0,11.5,190.4761905,0,20,,,122.3742985,91.5,0.915
38,TomatoSeeds,,0,11.5,190.4761905,0,20,,,144.4995675,92.5,0.925
38,TomatoSeeds,,0,11.5,190.4761905,0,20,,,168.6244899,93.5,0.935
38,TomatoSeeds,,0,11.5,190.4761905,0,20,,,193.7495153,93.5,0.935
39,TomatoSeeds,,0,11.5,228.5714286,0,20,,,32,0.5,0.005
39,TomatoSeeds,,0,11.5,228.5714286,0,20,,,39,7,0.07
39,TomatoSeeds,,0,11.5,228.5714286,0,20,,,48,25.5,0.255
39,TomatoSeeds,,0,11.5,228.5714286,0,20,,,56,52,0.52
39,TomatoSeeds,,0,11.5,228.5714286,0,20,,,63,65.5,0.655
39,TomatoSeeds,,0,11.5,228.5714286,0,20,,,72,76.5,0.765
39,TomatoSeeds,,0,11.5,228.5714286,0,20,,,79.87470596,83,0.83
39,TomatoSeeds,,0,11.5,228.5714286,0,20,,,86.62400636,85.5,0.855
39,TomatoSeeds,,0,11.5,228.5714286,0,20,,,95.49934554,87.5,0.875
39,TomatoSeeds,,0,11.5,228.5714286,0,20,,,109.1247856,88.5,0.885
39,TomatoSeeds,,0,11.5,228.5714286,0,20,,,122.3742985,89.5,0.895
39,TomatoSeeds,,0,11.5,228.5714286,0,20,,,144.4995675,90,0.9
39,TomatoSeeds,,0,11.5,228.5714286,0,20,,,168.6244899,90,0.9
39,TomatoSeeds,,0,11.5,228.5714286,0,20,,,193.7495153,90,0.9
40,TomatoSeeds,,0,11.5,304.7619048,0,20,,,32,2.5,0.025
40,TomatoSeeds,,0,11.5,304.7619048,0,20,,,39,14.5,0.145
40,TomatoSeeds,,0,11.5,304.7619048,0,20,,,48,41.5,0.415
40,TomatoSeeds,,0,11.5,304.7619048,0,20,,,56,67,0.67
40,TomatoSeeds,,0,11.5,304.7619048,0,20,,,63,75.5,0.755
40,TomatoSeeds,,0,11.5,304.7619048,0,20,,,72,84,0.84
40,TomatoSeeds,,0,11.5,304.7619048,0,20,,,79.87470596,87,0.87
40,TomatoSeeds,,0,11.5,304.7619048,0,20,,,86.62400636,87.5,0.875
40,TomatoSeeds,,0,11.5,304.7619048,0,20,,,95.49934554,90,0.9
40,TomatoSeeds,,0,11.5,304.7619048,0,20,,,109.1247856,91.5,0.915
40,TomatoSeeds,,0,11.5,304.7619048,0,20,,,122.3742985,92,0.92
40,TomatoSeeds,,0,11.5,304.7619048,0,20,,,144.4995675,92.5,0.925
40,TomatoSeeds,,0,11.5,304.7619048,0,20,,,168.6244899,92.5,0.925
40,TomatoSeeds,,0,11.5,304.7619048,0,20,,,193.7495153,92.5,0.925
41,TomatoSeeds,,-0.3,11.5,43.95604396,0,20,,,32,1,0.01
41,TomatoSeeds,,-0.3,11.5,43.95604396,0,20,,,39,1.5,0.015
41,TomatoSeeds,,-0.3,11.5,43.95604396,0,20,,,48,3,0.03
41,TomatoSeeds,,-0.3,11.5,43.95604396,0,20,,,56,13.5,0.135
41,TomatoSeeds,,-0.3,11.5,43.95604396,0,20,,,63,33,0.33
41,TomatoSeeds,,-0.3,11.5,43.95604396,0,20,,,72,59.5,0.595
41,TomatoSeeds,,-0.3,11.5,43.95604396,0,20,,,79.87470596,71.5,0.715
41,TomatoSeeds,,-0.3,11.5,43.95604396,0,20,,,86.62400636,78,0.78
41,TomatoSeeds,,-0.3,11.5,43.95604396,0,20,,,95.49934554,83,0.83
41,TomatoSeeds,,-0.3,11.5,43.95604396,0,20,,,109.1247856,87,0.87
41,TomatoSeeds,,-0.3,11.5,43.95604396,0,20,,,122.3742985,87.5,0.875
41,TomatoSeeds,,-0.3,11.5,43.95604396,0,20,,,144.4995675,88,0.88
41,TomatoSeeds,,-0.3,11.5,43.95604396,0,20,,,168.6244899,89.5,0.895
41,TomatoSeeds,,-0.3,11.5,43.95604396,0,20,,,193.7495153,89.5,0.895
42,TomatoSeeds,,-0.3,11.5,87.91208791,0,20,,,32,1,0.01
42,TomatoSeeds,,-0.3,11.5,87.91208791,0,20,,,39,1.5,0.015
42,TomatoSeeds,,-0.3,11.5,87.91208791,0,20,,,48,17.5,0.175
42,TomatoSeeds,,-0.3,11.5,87.91208791,0,20,,,56,52,0.52
42,TomatoSeeds,,-0.3,11.5,87.91208791,0,20,,,63,68,0.68
42,TomatoSeeds,,-0.3,11.5,87.91208791,0,20,,,72,78,0.78
42,TomatoSeeds,,-0.3,11.5,87.91208791,0,20,,,79.87470596,81.5,0.815
42,TomatoSeeds,,-0.3,11.5,87.91208791,0,20,,,86.62400636,83.5,0.835
42,TomatoSeeds,,-0.3,11.5,87.91208791,0,20,,,95.49934554,86,0.86
42,TomatoSeeds,,-0.3,11.5,87.91208791,0,20,,,109.1247856,87,0.87
42,TomatoSeeds,,-0.3,11.5,87.91208791,0,20,,,122.3742985,88.5,0.885
42,TomatoSeeds,,-0.3,11.5,87.91208791,0,20,,,144.4995675,90,0.9
42,TomatoSeeds,,-0.3,11.5,87.91208791,0,20,,,168.6244899,90,0.9
42,TomatoSeeds,,-0.3,11.5,87.91208791,0,20,,,193.7495153,90,0.9
43,TomatoSeeds,,-0.3,11.5,131.8681319,0,20,,,32,1,0.01
43,TomatoSeeds,,-0.3,11.5,131.8681319,0,20,,,39,1,0.01
43,TomatoSeeds,,-0.3,11.5,131.8681319,0,20,,,48,22,0.22
43,TomatoSeeds,,-0.3,11.5,131.8681319,0,20,,,56,56.5,0.565
43,TomatoSeeds,,-0.3,11.5,131.8681319,0,20,,,63,71.5,0.715
43,TomatoSeeds,,-0.3,11.5,131.8681319,0,20,,,72,77.5,0.775
43,TomatoSeeds,,-0.3,11.5,131.8681319,0,20,,,79.87470596,80,0.8
43,TomatoSeeds,,-0.3,11.5,131.8681319,0,20,,,86.62400636,82,0.82
43,TomatoSeeds,,-0.3,11.5,131.8681319,0,20,,,95.49934554,83.5,0.835
43,TomatoSeeds,,-0.3,11.5,131.8681319,0,20,,,109.1247856,85,0.85
43,TomatoSeeds,,-0.3,11.5,131.8681319,0,20,,,122.3742985,85.5,0.855
43,TomatoSeeds,,-0.3,11.5,131.8681319,0,20,,,144.4995675,87,0.87
43,TomatoSeeds,,-0.3,11.5,131.8681319,0,20,,,168.6244899,88,0.88
43,TomatoSeeds,,-0.3,11.5,131.8681319,0,20,,,193.7495153,88,0.88
44,TomatoSeeds,,-0.3,11.5,175.8241758,0,20,,,32,0,0
44,TomatoSeeds,,-0.3,11.5,175.8241758,0,20,,,39,2.5,0.025
44,TomatoSeeds,,-0.3,11.5,175.8241758,0,20,,,48,28,0.28
44,TomatoSeeds,,-0.3,11.5,175.8241758,0,20,,,56,58,0.58
44,TomatoSeeds,,-0.3,11.5,175.8241758,0,20,,,63,70,0.7
44,TomatoSeeds,,-0.3,11.5,175.8241758,0,20,,,72,78.5,0.785
44,TomatoSeeds,,-0.3,11.5,175.8241758,0,20,,,79.87470596,83.5,0.835
44,TomatoSeeds,,-0.3,11.5,175.8241758,0,20,,,86.62400636,85.5,0.855
44,TomatoSeeds,,-0.3,11.5,175.8241758,0,20,,,95.49934554,86,0.86
44,TomatoSeeds,,-0.3,11.5,175.8241758,0,20,,,109.1247856,86,0.86
44,TomatoSeeds,,-0.3,11.5,175.8241758,0,20,,,122.3742985,86,0.86
44,TomatoSeeds,,-0.3,11.5,175.8241758,0,20,,,144.4995675,87,0.87
44,TomatoSeeds,,-0.3,11.5,175.8241758,0,20,,,168.6244899,87.5,0.875
44,TomatoSeeds,,-0.3,11.5,175.8241758,0,20,,,193.7495153,87.5,0.875
45,TomatoSeeds,,-0.3,11.5,219.7802198,0,20,,,32,0.5,0.005
45,TomatoSeeds,,-0.3,11.5,219.7802198,0,20,,,39,7.5,0.075
45,TomatoSeeds,,-0.3,11.5,219.7802198,0,20,,,48,42.5,0.425
45,TomatoSeeds,,-0.3,11.5,219.7802198,0,20,,,56,76,0.76
45,TomatoSeeds,,-0.3,11.5,219.7802198,0,20,,,63,86,0.86
45,TomatoSeeds,,-0.3,11.5,219.7802198,0,20,,,72,89.5,0.895
45,TomatoSeeds,,-0.3,11.5,219.7802198,0,20,,,79.87470596,90.5,0.905
45,TomatoSeeds,,-0.3,11.5,219.7802198,0,20,,,86.62400636,91.5,0.915
45,TomatoSeeds,,-0.3,11.5,219.7802198,0,20,,,95.49934554,92.5,0.925
45,TomatoSeeds,,-0.3,11.5,219.7802198,0,20,,,109.1247856,93,0.93
45,TomatoSeeds,,-0.3,11.5,219.7802198,0,20,,,122.3742985,93.5,0.935
45,TomatoSeeds,,-0.3,11.5,219.7802198,0,20,,,144.4995675,94.5,0.945
45,TomatoSeeds,,-0.3,11.5,219.7802198,0,20,,,168.6244899,95.5,0.955
45,TomatoSeeds,,-0.3,11.5,219.7802198,0,20,,,193.7495153,95.5,0.955
46,TomatoSeeds,,-0.3,11.5,263.7362637,0,20,,,32,1.5,0.015
46,TomatoSeeds,,-0.3,11.5,263.7362637,0,20,,,39,11,0.11
46,TomatoSeeds,,-0.3,11.5,263.7362637,0,20,,,48,64.5,0.645
46,TomatoSeeds,,-0.3,11.5,263.7362637,0,20,,,56,81,0.81
46,TomatoSeeds,,-0.3,11.5,263.7362637,0,20,,,63,85.5,0.855
46,TomatoSeeds,,-0.3,11.5,263.7362637,0,20,,,72,89,0.89
46,TomatoSeeds,,-0.3,11.5,263.7362637,0,20,,,79.87470596,91,0.91
46,TomatoSeeds,,-0.3,11.5,263.7362637,0,20,,,86.62400636,91,0.91
46,TomatoSeeds,,-0.3,11.5,263.7362637,0,20,,,95.49934554,91.5,0.915
46,TomatoSeeds,,-0.3,11.5,263.7362637,0,20,,,109.1247856,92.5,0.925
46,TomatoSeeds,,-0.3,11.5,263.7362637,0,20,,,122.3742985,92.5,0.925
46,TomatoSeeds,,-0.3,11.5,263.7362637,0,20,,,144.4995675,92.5,0.925
46,TomatoSeeds,,-0.3,11.5,263.7362637,0,20,,,168.6244899,93,0.93
46,TomatoSeeds,,-0.3,11.5,263.7362637,0,20,,,193.7495153,93,0.93
47,TomatoSeeds,,-0.3,11.5,351.6483516,0,20,,,32,8.5,0.085
47,TomatoSeeds,,-0.3,11.5,351.6483516,0,20,,,39,32,0.32
47,TomatoSeeds,,-0.3,11.5,351.6483516,0,20,,,48,59,0.59
47,TomatoSeeds,,-0.3,11.5,351.6483516,0,20,,,56,80,0.8
47,TomatoSeeds,,-0.3,11.5,351.6483516,0,20,,,63,85.5,0.855
47,TomatoSeeds,,-0.3,11.5,351.6483516,0,20,,,72,88.5,0.885
47,TomatoSeeds,,-0.3,11.5,351.6483516,0,20,,,79.87470596,90.5,0.905
47,TomatoSeeds,,-0.3,11.5,351.6483516,0,20,,,86.62400636,91.5,0.915
47,TomatoSeeds,,-0.3,11.5,351.6483516,0,20,,,95.49934554,92.5,0.925
47,TomatoSeeds,,-0.3,11.5,351.6483516,0,20,,,109.1247856,93.5,0.935
47,TomatoSeeds,,-0.3,11.5,351.6483516,0,20,,,122.3742985,94,0.94
47,TomatoSeeds,,-0.3,11.5,351.6483516,0,20,,,144.4995675,94,0.94
47,TomatoSeeds,,-0.3,11.5,351.6483516,0,20,,,168.6244899,94.5,0.945
47,TomatoSeeds,,-0.3,11.5,351.6483516,0,20,,,193.7495153,94.5,0.945
48,TomatoSeeds,,-0.89,11.5,63.02521008,0,20,,,32,0,0
48,TomatoSeeds,,-0.89,11.5,63.02521008,0,20,,,39,0,0
48,TomatoSeeds,,-0.89,11.5,63.02521008,0,20,,,48,2.5,0.025
48,TomatoSeeds,,-0.89,11.5,63.02521008,0,20,,,56,19.5,0.195
48,TomatoSeeds,,-0.89,11.5,63.02521008,0,20,,,63,40.5,0.405
48,TomatoSeeds,,-0.89,11.5,63.02521008,0,20,,,72,61.5,0.615
48,TomatoSeeds,,-0.89,11.5,63.02521008,0,20,,,79.87470596,69.5,0.695
48,TomatoSeeds,,-0.89,11.5,63.02521008,0,20,,,86.62400636,75.5,0.755
48,TomatoSeeds,,-0.89,11.5,63.02521008,0,20,,,95.49934554,80.5,0.805
48,TomatoSeeds,,-0.89,11.5,63.02521008,0,20,,,109.1247856,85.5,0.855
48,TomatoSeeds,,-0.89,11.5,63.02521008,0,20,,,122.3742985,87.5,0.875
48,TomatoSeeds,,-0.89,11.5,63.02521008,0,20,,,144.4995675,90,0.9
48,TomatoSeeds,,-0.89,11.5,63.02521008,0,20,,,168.6244899,90.5,0.905
48,TomatoSeeds,,-0.89,11.5,63.02521008,0,20,,,193.7495153,90.5,0.905
49,TomatoSeeds,,-0.89,11.5,126.0504202,0,20,,,32,0,0
49,TomatoSeeds,,-0.89,11.5,126.0504202,0,20,,,39,0.5,0.005
49,TomatoSeeds,,-0.89,11.5,126.0504202,0,20,,,48,19.5,0.195
49,TomatoSeeds,,-0.89,11.5,126.0504202,0,20,,,56,54.5,0.545
49,TomatoSeeds,,-0.89,11.5,126.0504202,0,20,,,63,69.5,0.695
49,TomatoSeeds,,-0.89,11.5,126.0504202,0,20,,,72,78.5,0.785
49,TomatoSeeds,,-0.89,11.5,126.0504202,0,20,,,79.87470596,81.5,0.815
49,TomatoSeeds,,-0.89,11.5,126.0504202,0,20,,,86.62400636,84,0.84
49,TomatoSeeds,,-0.89,11.5,126.0504202,0,20,,,95.49934554,85.5,0.855
49,TomatoSeeds,,-0.89,11.5,126.0504202,0,20,,,109.1247856,87,0.87
49,TomatoSeeds,,-0.89,11.5,126.0504202,0,20,,,122.3742985,88,0.88
49,TomatoSeeds,,-0.89,11.5,126.0504202,0,20,,,144.4995675,88,0.88
49,TomatoSeeds,,-0.89,11.5,126.0504202,0,20,,,168.6244899,89.5,0.895
49,TomatoSeeds,,-0.89,11.5,126.0504202,0,20,,,193.7495153,89.5,0.895
50,TomatoSeeds,,-0.89,11.5,189.0756303,0,20,,,32,0,0
50,TomatoSeeds,,-0.89,11.5,189.0756303,0,20,,,39,2.5,0.025
50,TomatoSeeds,,-0.89,11.5,189.0756303,0,20,,,48,35,0.35
50,TomatoSeeds,,-0.89,11.5,189.0756303,0,20,,,56,62,0.62
50,TomatoSeeds,,-0.89,11.5,189.0756303,0,20,,,63,74,0.74
50,TomatoSeeds,,-0.89,11.5,189.0756303,0,20,,,72,80,0.8
50,TomatoSeeds,,-0.89,11.5,189.0756303,0,20,,,79.87470596,82.5,0.825
50,TomatoSeeds,,-0.89,11.5,189.0756303,0,20,,,86.62400636,84.5,0.845
50,TomatoSeeds,,-0.89,11.5,189.0756303,0,20,,,95.49934554,85,0.85
50,TomatoSeeds,,-0.89,11.5,189.0756303,0,20,,,109.1247856,86,0.86
50,TomatoSeeds,,-0.89,11.5,189.0756303,0,20,,,122.3742985,86,0.86
50,TomatoSeeds,,-0.89,11.5,189.0756303,0,20,,,144.4995675,87.5,0.875
50,TomatoSeeds,,-0.89,11.5,189.0756303,0,20,,,168.6244899,88,0.88
50,TomatoSeeds,,-0.89,11.5,189.0756303,0,20,,,193.7495153,88,0.88
51,TomatoSeeds,,-0.89,11.5,252.1008403,0,20,,,32,1.5,0.015
51,TomatoSeeds,,-0.89,11.5,252.1008403,0,20,,,39,5,0.05
51,TomatoSeeds,,-0.89,11.5,252.1008403,0,20,,,48,35,0.35
51,TomatoSeeds,,-0.89,11.5,252.1008403,0,20,,,56,71,0.71
51,TomatoSeeds,,-0.89,11.5,252.1008403,0,20,,,63,80.5,0.805
51,TomatoSeeds,,-0.89,11.5,252.1008403,0,20,,,72,87,0.87
51,TomatoSeeds,,-0.89,11.5,252.1008403,0,20,,,79.87470596,88.5,0.885
51,TomatoSeeds,,-0.89,11.5,252.1008403,0,20,,,86.62400636,89.5,0.895
51,TomatoSeeds,,-0.89,11.5,252.1008403,0,20,,,95.49934554,89.5,0.895
51,TomatoSeeds,,-0.89,11.5,252.1008403,0,20,,,109.1247856,89.5,0.895
51,TomatoSeeds,,-0.89,11.5,252.1008403,0,20,,,122.3742985,90.5,0.905
51,TomatoSeeds,,-0.89,11.5,252.1008403,0,20,,,144.4995675,91.5,0.915
51,TomatoSeeds,,-0.89,11.5,252.1008403,0,20,,,168.6244899,92,0.92
51,TomatoSeeds,,-0.89,11.5,252.1008403,0,20,,,193.7495153,92.5,0.925
52,TomatoSeeds,,-0.89,11.5,315.1260504,0,20,,,32,6,0.06
52,TomatoSeeds,,-0.89,11.5,315.1260504,0,20,,,39,17,0.17
52,TomatoSeeds,,-0.89,11.5,315.1260504,0,20,,,48,49.5,0.495
52,TomatoSeeds,,-0.89,11.5,315.1260504,0,20,,,56,73.5,0.735
52,TomatoSeeds,,-0.89,11.5,315.1260504,0,20,,,63,82,0.82
52,TomatoSeeds,,-0.89,11.5,315.1260504,0,20,,,72,85.5,0.855
52,TomatoSeeds,,-0.89,11.5,315.1260504,0,20,,,79.87470596,87.5,0.875
52,TomatoSeeds,,-0.89,11.5,315.1260504,0,20,,,86.62400636,88,0.88
52,TomatoSeeds,,-0.89,11.5,315.1260504,0,20,,,95.49934554,88,0.88
52,TomatoSeeds,,-0.89,11.5,315.1260504,0,20,,,109.1247856,88.5,0.885
52,TomatoSeeds,,-0.89,11.5,315.1260504,0,20,,,122.3742985,88.5,0.885
52,TomatoSeeds,,-0.89,11.5,315.1260504,0,20,,,144.4995675,88.5,0.885
52,TomatoSeeds,,-0.89,11.5,315.1260504,0,20,,,168.6244899,90,0.9
52,TomatoSeeds,,-0.89,11.5,315.1260504,0,20,,,193.7495153,90,0.9
53,TomatoSeeds,,-0.89,11.5,378.1512605,0,20,,,32,4,0.04
53,TomatoSeeds,,-0.89,11.5,378.1512605,0,20,,,39,15.5,0.155
53,TomatoSeeds,,-0.89,11.5,378.1512605,0,20,,,48,48.5,0.485
53,TomatoSeeds,,-0.89,11.5,378.1512605,0,20,,,56,77,0.77
53,TomatoSeeds,,-0.89,11.5,378.1512605,0,20,,,63,88.5,0.885
53,TomatoSeeds,,-0.89,11.5,378.1512605,0,20,,,72,92.5,0.925
53,TomatoSeeds,,-0.89,11.5,378.1512605,0,20,,,79.87470596,93,0.93
53,TomatoSeeds,,-0.89,11.5,378.1512605,0,20,,,86.62400636,93,0.93
53,TomatoSeeds,,-0.89,11.5,378.1512605,0,20,,,95.49934554,93.5,0.935
53,TomatoSeeds,,-0.89,11.5,378.1512605,0,20,,,109.1247856,93.5,0.935
53,TomatoSeeds,,-0.89,11.5,378.1512605,0,20,,,122.3742985,94,0.94
53,TomatoSeeds,,-0.89,11.5,378.1512605,0,20,,,144.4995675,94.5,0.945
53,TomatoSeeds,,-0.89,11.5,378.1512605,0,20,,,168.6244899,94.5,0.945
53,TomatoSeeds,,-0.89,11.5,378.1512605,0,20,,,193.7495153,94.5,0.945
54,TomatoSeeds,,-0.89,11.5,504.2016807,0,20,,,32,14.5,0.145
54,TomatoSeeds,,-0.89,11.5,504.2016807,0,20,,,39,29,0.29
54,TomatoSeeds,,-0.89,11.5,504.2016807,0,20,,,48,59,0.59
54,TomatoSeeds,,-0.89,11.5,504.2016807,0,20,,,56,75,0.75
54,TomatoSeeds,,-0.89,11.5,504.2016807,0,20,,,63,83.5,0.835
54,TomatoSeeds,,-0.89,11.5,504.2016807,0,20,,,72,86,0.86
54,TomatoSeeds,,-0.89,11.5,504.2016807,0,20,,,79.87470596,88,0.88
54,TomatoSeeds,,-0.89,11.5,504.2016807,0,20,,,86.62400636,88,0.88
54,TomatoSeeds,,-0.89,11.5,504.2016807,0,20,,,95.49934554,88,0.88
54,TomatoSeeds,,-0.89,11.5,504.2016807,0,20,,,109.1247856,88,0.88
54,TomatoSeeds,,-0.89,11.5,504.2016807,0,20,,,122.3742985,88.5,0.885
54,TomatoSeeds,,-0.89,11.5,504.2016807,0,20,,,144.4995675,89.5,0.895
54,TomatoSeeds,,-0.89,11.5,504.2016807,0,20,,,168.6244899,89.5,0.895
54,TomatoSeeds,,-0.89,11.5,504.2016807,0,20,,,193.7495153,89.5,0.895
55,TomatoSeeds,,-1.23,11.5,84.03361345,0,20,,,32,0,0
55,TomatoSeeds,,-1.23,11.5,84.03361345,0,20,,,39,0.5,0.005
55,TomatoSeeds,,-1.23,11.5,84.03361345,0,20,,,48,10.5,0.105
55,TomatoSeeds,,-1.23,11.5,84.03361345,0,20,,,56,42,0.42
55,TomatoSeeds,,-1.23,11.5,84.03361345,0,20,,,63,56,0.56
55,TomatoSeeds,,-1.23,11.5,84.03361345,0,20,,,72,67.5,0.675
55,TomatoSeeds,,-1.23,11.5,84.03361345,0,20,,,79.87470596,78.5,0.785
55,TomatoSeeds,,-1.23,11.5,84.03361345,0,20,,,86.62400636,82,0.82
55,TomatoSeeds,,-1.23,11.5,84.03361345,0,20,,,95.49934554,85,0.85
55,TomatoSeeds,,-1.23,11.5,84.03361345,0,20,,,109.1247856,87.5,0.875
55,TomatoSeeds,,-1.23,11.5,84.03361345,0,20,,,122.3742985,88,0.88
55,TomatoSeeds,,-1.23,11.5,84.03361345,0,20,,,144.4995675,89,0.89
55,TomatoSeeds,,-1.23,11.5,84.03361345,0,20,,,168.6244899,90.5,0.905
55,TomatoSeeds,,-1.23,11.5,84.03361345,0,20,,,193.7495153,90.5,0.905
56,TomatoSeeds,,-1.23,11.5,168.0672269,0,20,,,32,0,0
56,TomatoSeeds,,-1.23,11.5,168.0672269,0,20,,,39,2,0.02
56,TomatoSeeds,,-1.23,11.5,168.0672269,0,20,,,48,32,0.32
56,TomatoSeeds,,-1.23,11.5,168.0672269,0,20,,,56,67.5,0.675
56,TomatoSeeds,,-1.23,11.5,168.0672269,0,20,,,63,76,0.76
56,TomatoSeeds,,-1.23,11.5,168.0672269,0,20,,,72,83,0.83
56,TomatoSeeds,,-1.23,11.5,168.0672269,0,20,,,79.87470596,85,0.85
56,TomatoSeeds,,-1.23,11.5,168.0672269,0,20,,,86.62400636,85,0.85
56,TomatoSeeds,,-1.23,11.5,168.0672269,0,20,,,95.49934554,85.5,0.855
56,TomatoSeeds,,-1.23,11.5,168.0672269,0,20,,,109.1247856,86.5,0.865
56,TomatoSeeds,,-1.23,11.5,168.0672269,0,20,,,122.3742985,86.5,0.865
56,TomatoSeeds,,-1.23,11.5,168.0672269,0,20,,,144.4995675,88,0.88
56,TomatoSeeds,,-1.23,11.5,168.0672269,0,20,,,168.6244899,88.5,0.885
56,TomatoSeeds,,-1.23,11.5,168.0672269,0,20,,,193.7495153,88.5,0.885
57,TomatoSeeds,,-1.23,11.5,252.1008403,0,20,,,32,2.5,0.025
57,TomatoSeeds,,-1.23,11.5,252.1008403,0,20,,,39,3.5,0.035
57,TomatoSeeds,,-1.23,11.5,252.1008403,0,20,,,48,25.5,0.255
57,TomatoSeeds,,-1.23,11.5,252.1008403,0,20,,,56,63.5,0.635
57,TomatoSeeds,,-1.23,11.5,252.1008403,0,20,,,63,78,0.78
57,TomatoSeeds,,-1.23,11.5,252.1008403,0,20,,,72,87,0.87
57,TomatoSeeds,,-1.23,11.5,252.1008403,0,20,,,79.87470596,88,0.88
57,TomatoSeeds,,-1.23,11.5,252.1008403,0,20,,,86.62400636,90,0.9
57,TomatoSeeds,,-1.23,11.5,252.1008403,0,20,,,95.49934554,91.5,0.915
57,TomatoSeeds,,-1.23,11.5,252.1008403,0,20,,,109.1247856,92,0.92
57,TomatoSeeds,,-1.23,11.5,252.1008403,0,20,,,122.3742985,92.5,0.925
57,TomatoSeeds,,-1.23,11.5,252.1008403,0,20,,,144.4995675,93,0.93
57,TomatoSeeds,,-1.23,11.5,252.1008403,0,20,,,168.6244899,93.5,0.935
57,TomatoSeeds,,-1.23,11.5,252.1008403,0,20,,,193.7495153,93.5,0.935
58,TomatoSeeds,,-1.23,11.5,336.1344538,0,20,,,32,4,0.04
58,TomatoSeeds,,-1.23,11.5,336.1344538,0,20,,,39,11.5,0.115
58,TomatoSeeds,,-1.23,11.5,336.1344538,0,20,,,48,50.5,0.505
58,TomatoSeeds,,-1.23,11.5,336.1344538,0,20,,,56,76,0.76
58,TomatoSeeds,,-1.23,11.5,336.1344538,0,20,,,63,83,0.83
58,TomatoSeeds,,-1.23,11.5,336.1344538,0,20,,,72,85.5,0.855
58,TomatoSeeds,,-1.23,11.5,336.1344538,0,20,,,79.87470596,86.5,0.865
58,TomatoSeeds,,-1.23,11.5,336.1344538,0,20,,,86.62400636,86.5,0.865
58,TomatoSeeds,,-1.23,11.5,336.1344538,0,20,,,95.49934554,87,0.87
58,TomatoSeeds,,-1.23,11.5,336.1344538,0,20,,,109.1247856,88,0.88
58,TomatoSeeds,,-1.23,11.5,336.1344538,0,20,,,122.3742985,88.5,0.885
58,TomatoSeeds,,-1.23,11.5,336.1344538,0,20,,,144.4995675,89.5,0.895
58,TomatoSeeds,,-1.23,11.5,336.1344538,0,20,,,168.6244899,89.5,0.895
58,TomatoSeeds,,-1.23,11.5,336.1344538,0,20,,,193.7495153,89.5,0.895
59,TomatoSeeds,,-1.23,11.5,420.1680672,0,20,,,32,2.5,0.025
59,TomatoSeeds,,-1.23,11.5,420.1680672,0,20,,,39,15.5,0.155
59,TomatoSeeds,,-1.23,11.5,420.1680672,0,20,,,48,51.5,0.515
59,TomatoSeeds,,-1.23,11.5,420.1680672,0,20,,,56,80.5,0.805
59,TomatoSeeds,,-1.23,11.5,420.1680672,0,20,,,63,90.5,0.905
59,TomatoSeeds,,-1.23,11.5,420.1680672,0,20,,,72,92,0.92
59,TomatoSeeds,,-1.23,11.5,420.1680672,0,20,,,79.87470596,94,0.94
59,TomatoSeeds,,-1.23,11.5,420.1680672,0,20,,,86.62400636,95,0.95
59,TomatoSeeds,,-1.23,11.5,420.1680672,0,20,,,95.49934554,95.5,0.955
59,TomatoSeeds,,-1.23,11.5,420.1680672,0,20,,,109.1247856,96.5,0.965
59,TomatoSeeds,,-1.23,11.5,420.1680672,0,20,,,122.3742985,96.5,0.965
59,TomatoSeeds,,-1.23,11.5,420.1680672,0,20,,,144.4995675,96.5,0.965
59,TomatoSeeds,,-1.23,11.5,420.1680672,0,20,,,168.6244899,96.5,0.965
59,TomatoSeeds,,-1.23,11.5,420.1680672,0,20,,,193.7495153,96.5,0.965
60,TomatoSeeds,,-1.23,11.5,504.2016807,0,20,,,32,7,0.07
60,TomatoSeeds,,-1.23,11.5,504.2016807,0,20,,,39,21.5,0.215
60,TomatoSeeds,,-1.23,11.5,504.2016807,0,20,,,48,54,0.54
60,TomatoSeeds,,-1.23,11.5,504.2016807,0,20,,,56,76.5,0.765
60,TomatoSeeds,,-1.23,11.5,504.2016807,0,20,,,63,86,0.86
60,TomatoSeeds,,-1.23,11.5,504.2016807,0,20,,,72,90,0.9
60,TomatoSeeds,,-1.23,11.5,504.2016807,0,20,,,79.87470596,90.5,0.905
60,TomatoSeeds,,-1.23,11.5,504.2016807,0,20,,,86.62400636,91.5,0.915
60,TomatoSeeds,,-1.23,11.5,504.2016807,0,20,,,95.49934554,92,0.92
60,TomatoSeeds,,-1.23,11.5,504.2016807,0,20,,,109.1247856,92.5,0.925
60,TomatoSeeds,,-1.23,11.5,504.2016807,0,20,,,122.3742985,92.5,0.925
60,TomatoSeeds,,-1.23,11.5,504.2016807,0,20,,,144.4995675,93,0.93
60,TomatoSeeds,,-1.23,11.5,504.2016807,0,20,,,168.6244899,93,0.93
60,TomatoSeeds,,-1.23,11.5,504.2016807,0,20,,,193.7495153,93,0.93
61,TomatoSeeds,,-1.99,11.5,329.6703297,0,20,,,32,0.5,0.005
61,TomatoSeeds,,-1.99,11.5,329.6703297,0,20,,,39,1.5,0.015
61,TomatoSeeds,,-1.99,11.5,329.6703297,0,20,,,48,14.5,0.145
61,TomatoSeeds,,-1.99,11.5,329.6703297,0,20,,,56,52.5,0.525
61,TomatoSeeds,,-1.99,11.5,329.6703297,0,20,,,63,70,0.7
61,TomatoSeeds,,-1.99,11.5,329.6703297,0,20,,,72,80,0.8
61,TomatoSeeds,,-1.99,11.5,329.6703297,0,20,,,79.87470596,84.5,0.845
61,TomatoSeeds,,-1.99,11.5,329.6703297,0,20,,,86.62400636,87,0.87
61,TomatoSeeds,,-1.99,11.5,329.6703297,0,20,,,95.49934554,88,0.88
61,TomatoSeeds,,-1.99,11.5,329.6703297,0,20,,,109.1247856,89,0.89
61,TomatoSeeds,,-1.99,11.5,329.6703297,0,20,,,122.3742985,89,0.89
61,TomatoSeeds,,-1.99,11.5,329.6703297,0,20,,,144.4995675,90,0.9
61,TomatoSeeds,,-1.99,11.5,329.6703297,0,20,,,168.6244899,91,0.91
61,TomatoSeeds,,-1.99,11.5,329.6703297,0,20,,,193.7495153,91,0.91
62,TomatoSeeds,,-1.99,11.5,659.3406593,0,20,,,32,0.5,0.005
62,TomatoSeeds,,-1.99,11.5,659.3406593,0,20,,,39,1,0.01
62,TomatoSeeds,,-1.99,11.5,659.3406593,0,20,,,48,30,0.3
62,TomatoSeeds,,-1.99,11.5,659.3406593,0,20,,,56,65.5,0.655
62,TomatoSeeds,,-1.99,11.5,659.3406593,0,20,,,63,79,0.79
62,TomatoSeeds,,-1.99,11.5,659.3406593,0,20,,,72,88.5,0.885
62,TomatoSeeds,,-1.99,11.5,659.3406593,0,20,,,79.87470596,91,0.91
62,TomatoSeeds,,-1.99,11.5,659.3406593,0,20,,,86.62400636,91,0.91
62,TomatoSeeds,,-1.99,11.5,659.3406593,0,20,,,95.49934554,91.5,0.915
62,TomatoSeeds,,-1.99,11.5,659.3406593,0,20,,,109.1247856,93,0.93
62,TomatoSeeds,,-1.99,11.5,659.3406593,0,20,,,122.3742985,93.5,0.935
62,TomatoSeeds,,-1.99,11.5,659.3406593,0,20,,,144.4995675,94,0.94
62,TomatoSeeds,,-1.99,11.5,659.3406593,0,20,,,168.6244899,94,0.94
62,TomatoSeeds,,-1.99,11.5,659.3406593,0,20,,,193.7495153,94,0.94